start_x,start_y,end_x,end_y
465.36862,270,688.64954,528.9777
